id,sleep_stage
9000,1
9001,2
9002,1
9003,2
9004,1
9005,0
9006,1
9007,1
9008,0
9009,1
9010,2
9011,2
9012,1
9013,0
9014,0
9015,0
9016,1
9017,1
9018,1
9019,2
9020,1
9021,1
9022,1
9023,1
9024,1
9025,2
9026,1
9027,0
9028,0
9029,1
9030,1
9031,0
9032,1
9033,1
9034,1
9035,1
9036,1
9037,1
9038,1
9039,1
9040,1
9041,1
9042,1
9043,0
9044,1
9045,0
9046,2
9047,0
9048,1
9049,1
9050,2
9051,1
9052,2
9053,0
9054,1
9055,1
9056,1
9057,1
9058,1
9059,0
9060,0
9061,2
9062,0
9063,1
9064,2
9065,2
9066,1
9067,2
9068,1
9069,2
9070,1
9071,0
9072,2
9073,2
9074,1
9075,2
9076,1
9077,1
9078,2
9079,1
9080,0
9081,1
9082,1
9083,1
9084,1
9085,2
9086,1
9087,2
9088,0
9089,1
9090,1
9091,0
9092,0
9093,1
9094,1
9095,0
9096,2
9097,1
9098,1
9099,1
9100,1
9101,0
9102,1
9103,1
9104,1
9105,1
9106,2
9107,2
9108,2
9109,2
9110,1
9111,1
9112,1
9113,1
9114,0
9115,0
9116,1
9117,2
9118,1
9119,1
9120,2
9121,1
9122,1
9123,2
9124,1
9125,0
9126,2
9127,0
9128,2
9129,1
9130,1
9131,0
9132,1
9133,1
9134,1
9135,0
9136,1
9137,2
9138,1
9139,1
9140,2
9141,0
9142,0
9143,1
9144,0
9145,1
9146,1
9147,1
9148,0
9149,2
9150,2
9151,0
9152,1
9153,1
9154,1
9155,1
9156,2
9157,0
9158,1
9159,2
9160,1
9161,2
9162,2
9163,1
9164,1
9165,2
9166,0
9167,1
9168,2
9169,2
9170,0
9171,0
9172,1
9173,2
9174,0
9175,1
9176,2
9177,1
9178,0
9179,1
9180,1
9181,1
9182,0
9183,1
9184,2
9185,2
9186,1
9187,0
9188,1
9189,0
9190,2
9191,1
9192,2
9193,2
9194,1
9195,0
9196,1
9197,0
9198,1
9199,2
9200,0
9201,0
9202,0
9203,1
9204,1
9205,1
9206,2
9207,1
9208,2
9209,1
9210,1
9211,2
9212,1
9213,0
9214,0
9215,1
9216,0
9217,1
9218,0
9219,0
9220,1
9221,1
9222,1
9223,0
9224,1
9225,0
9226,0
9227,2
9228,1
9229,1
9230,0
9231,0
9232,1
9233,0
9234,1
9235,2
9236,1
9237,2
9238,1
9239,0
9240,0
9241,0
9242,2
9243,1
9244,1
9245,2
9246,0
9247,0
9248,2
9249,0
9250,2
9251,1
9252,2
9253,1
9254,0
9255,1
9256,1
9257,1
9258,1
9259,1
9260,1
9261,1
9262,1
9263,0
9264,0
9265,2
9266,2
9267,1
9268,1
9269,1
9270,1
9271,1
9272,2
9273,1
9274,1
9275,2
9276,2
9277,2
9278,2
9279,2
9280,1
9281,2
9282,0
9283,2
9284,1
9285,2
9286,0
9287,2
9288,2
9289,1
9290,2
9291,2
9292,1
9293,0
9294,0
9295,1
9296,1
9297,1
9298,1
9299,1
9300,0
9301,2
9302,0
9303,0
9304,2
9305,1
9306,2
9307,1
9308,2
9309,0
9310,0
9311,0
9312,1
9313,1
9314,2
9315,2
9316,0
9317,2
9318,0
9319,1
9320,1
9321,0
9322,2
9323,1
9324,1
9325,0
9326,2
9327,1
9328,2
9329,0
9330,2
9331,1
9332,2
9333,1
9334,0
9335,1
9336,0
9337,1
9338,1
9339,2
9340,1
9341,2
9342,1
9343,0
9344,1
9345,2
9346,1
9347,1
9348,2
9349,2
9350,1
9351,2
9352,2
9353,1
9354,1
9355,1
9356,2
9357,1
9358,1
9359,1
9360,0
9361,2
9362,0
9363,1
9364,1
9365,1
9366,1
9367,0
9368,0
9369,2
9370,0
9371,1
9372,1
9373,1
9374,2
9375,1
9376,1
9377,1
9378,1
9379,1
9380,1
9381,1
9382,2
9383,1
9384,1
9385,0
9386,0
9387,2
9388,0
9389,0
9390,1
9391,0
9392,1
9393,0
9394,0
9395,1
9396,1
9397,1
9398,1
9399,0
9400,1
9401,1
9402,1
9403,0
9404,1
9405,1
9406,0
9407,2
9408,0
9409,2
9410,1
9411,2
9412,2
9413,1
9414,1
9415,2
9416,1
9417,1
9418,0
9419,0
9420,0
9421,1
9422,1
9423,2
9424,1
9425,0
9426,1
9427,0
9428,1
9429,2
9430,0
9431,2
9432,1
9433,0
9434,1
9435,1
9436,1
9437,0
9438,0
9439,0
9440,1
9441,1
9442,1
9443,1
9444,1
9445,1
9446,2
9447,2
9448,0
9449,1
9450,0
9451,1
9452,0
9453,1
9454,0
9455,1
9456,1
9457,1
9458,0
9459,1
9460,1
9461,1
9462,1
9463,0
9464,0
9465,1
9466,2
9467,2
9468,1
9469,2
9470,0
9471,0
9472,0
9473,2
9474,2
9475,0
9476,1
9477,2
9478,2
9479,1
9480,2
9481,1
9482,1
9483,1
9484,1
9485,0
9486,2
9487,1
9488,0
9489,0
9490,1
9491,0
9492,1
9493,0
9494,0
9495,0
9496,1
9497,1
9498,0
9499,1
9500,2
9501,0
9502,2
9503,1
9504,1
9505,0
9506,1
9507,0
9508,1
9509,1
9510,2
9511,1
9512,1
9513,1
9514,2
9515,2
9516,1
9517,0
9518,0
9519,0
9520,2
9521,0
9522,0
9523,1
9524,2
9525,1
9526,1
9527,2
9528,0
9529,2
9530,0
9531,0
9532,1
9533,1
9534,1
9535,1
9536,0
9537,0
9538,0
9539,0
9540,2
9541,1
9542,1
9543,0
9544,2
9545,0
9546,1
9547,0
9548,2
9549,1
9550,1
9551,2
9552,1
9553,2
9554,0
9555,1
9556,1
9557,0
9558,1
9559,1
9560,0
9561,1
9562,1
9563,2
9564,1
9565,2
9566,1
9567,2
9568,0
9569,1
9570,0
9571,1
9572,1
9573,1
9574,2
9575,0
9576,0
9577,0
9578,2
9579,1
9580,1
9581,2
9582,0
9583,2
9584,2
9585,2
9586,1
9587,1
9588,2
9589,2
9590,1
9591,1
9592,2
9593,2
9594,1
9595,1
9596,1
9597,0
9598,1
9599,0
9600,2
9601,2
9602,2
9603,2
9604,0
9605,2
9606,2
9607,1
9608,0
9609,0
9610,2
9611,0
9612,2
9613,1
9614,1
9615,1
9616,1
9617,1
9618,2
9619,1
9620,1
9621,0
9622,1
9623,1
9624,0
9625,2
9626,1
9627,2
9628,0
9629,1
9630,1
9631,0
9632,1
9633,0
9634,1
9635,0
9636,1
9637,2
9638,2
9639,1
9640,1
9641,0
9642,2
9643,1
9644,1
9645,1
9646,1
9647,1
9648,2
9649,2
9650,1
9651,1
9652,0
9653,0
9654,0
9655,2
9656,0
9657,2
9658,1
9659,1
9660,0
9661,0
9662,2
9663,2
9664,1
9665,0
9666,0
9667,2
9668,0
9669,2
9670,2
9671,1
9672,2
9673,2
9674,0
9675,0
9676,2
9677,0
9678,0
9679,0
9680,0
9681,1
9682,1
9683,1
9684,0
9685,1
9686,1
9687,0
9688,1
9689,1
9690,2
9691,1
9692,2
9693,0
9694,1
9695,0
9696,1
9697,1
9698,2
9699,1
9700,1
9701,1
9702,0
9703,1
9704,2
9705,1
9706,1
9707,0
9708,1
9709,1
9710,2
9711,1
9712,0
9713,2
9714,0
9715,1
9716,2
9717,0
9718,0
9719,2
9720,1
9721,1
9722,1
9723,1
9724,1
9725,2
9726,1
9727,1
9728,0
9729,1
9730,2
9731,0
9732,1
9733,2
9734,2
9735,1
9736,0
9737,2
9738,2
9739,2
9740,2
9741,0
9742,1
9743,1
9744,1
9745,1
9746,0
9747,2
9748,0
9749,0
9750,1
9751,1
9752,2
9753,1
9754,0
9755,1
9756,0
9757,1
9758,2
9759,0
9760,0
9761,2
9762,2
9763,1
9764,1
9765,1
9766,1
9767,0
9768,0
9769,0
9770,0
9771,1
9772,0
9773,2
9774,0
9775,1
9776,1
9777,2
9778,1
9779,1
9780,1
9781,1
9782,1
9783,2
9784,1
9785,0
9786,1
9787,2
9788,2
9789,1
9790,2
9791,0
9792,2
9793,0
9794,0
9795,1
9796,1
9797,1
9798,0
9799,2
9800,2
9801,2
9802,1
9803,1
9804,0
9805,1
9806,1
9807,0
9808,1
9809,1
9810,2
9811,2
9812,2
9813,2
9814,0
9815,0
9816,1
9817,0
9818,0
9819,1
9820,2
9821,2
9822,2
9823,0
9824,1
9825,1
9826,0
9827,0
9828,1
9829,2
9830,1
9831,0
9832,1
9833,0
9834,1
9835,1
9836,1
9837,1
9838,1
9839,1
9840,1
9841,1
9842,1
9843,2
9844,0
9845,1
9846,1
9847,1
9848,1
9849,1
9850,1
9851,2
9852,1
9853,1
9854,1
9855,1
9856,2
9857,1
9858,0
9859,1
9860,2
9861,0
9862,0
9863,1
9864,2
9865,1
9866,1
9867,1
9868,1
9869,0
9870,2
9871,2
9872,2
9873,1
9874,1
9875,2
9876,0
9877,1
9878,0
9879,1
9880,1
9881,1
9882,2
9883,2
9884,2
9885,1
9886,2
9887,0
9888,2
9889,0
9890,2
9891,0
9892,1
9893,1
9894,1
9895,2
9896,1
9897,1
9898,1
9899,0
9900,1
9901,2
9902,2
9903,0
9904,1
9905,0
9906,1
9907,0
9908,1
9909,0
9910,2
9911,1
9912,1
9913,1
9914,0
9915,1
9916,1
9917,0
9918,2
9919,1
9920,2
9921,0
9922,1
9923,1
9924,2
9925,1
9926,1
9927,2
9928,2
9929,1
9930,1
9931,1
9932,2
9933,2
9934,1
9935,1
9936,1
9937,1
9938,1
9939,2
9940,2
9941,2
9942,2
9943,0
9944,0
9945,1
9946,0
9947,1
9948,1
9949,1
9950,2
9951,0
9952,0
9953,1
9954,2
9955,0
9956,2
9957,1
9958,1
9959,1
9960,0
9961,2
9962,1
9963,0
9964,0
9965,0
9966,1
9967,2
9968,2
9969,1
9970,1
9971,1
9972,1
9973,0
9974,2
9975,2
9976,2
9977,1
9978,1
9979,0
9980,2
9981,1
9982,2
9983,1
9984,1
9985,1
9986,1
9987,2
9988,2
9989,1
9990,2
9991,0
9992,2
9993,2
9994,0
9995,1
9996,2
9997,1
9998,2
9999,0
10000,1
10001,1
10002,0
10003,1
10004,2
10005,2
10006,1
10007,0
10008,1
10009,1
10010,1
10011,1
10012,1
10013,1
10014,1
10015,1
10016,1
10017,0
10018,0
10019,0
10020,1
10021,1
10022,0
10023,1
10024,2
10025,0
10026,1
10027,1
10028,0
10029,1
10030,1
10031,1
10032,0
10033,1
10034,2
10035,1
10036,0
10037,2
10038,1
10039,2
10040,1
10041,2
10042,2
10043,1
10044,0
10045,1
10046,1
10047,1
10048,1
10049,2
10050,0
10051,2
10052,0
10053,0
10054,2
10055,1
10056,0
10057,1
10058,1
10059,1
10060,0
10061,1
10062,0
10063,1
10064,2
10065,1
10066,1
10067,1
10068,0
10069,1
10070,1
10071,1
10072,1
10073,0
10074,1
10075,2
10076,2
10077,1
10078,0
10079,0
10080,1
10081,1
10082,1
10083,1
10084,0
10085,1
10086,2
10087,1
10088,2
10089,2
10090,2
10091,1
10092,0
10093,0
10094,1
10095,1
10096,0
10097,0
10098,1
10099,1
10100,1
10101,2
10102,1
10103,1
10104,1
10105,1
10106,1
10107,0
10108,1
10109,0
10110,1
10111,1
10112,1
10113,1
10114,1
10115,2
10116,1
10117,1
10118,2
10119,1
10120,0
10121,0
10122,1
10123,1
10124,2
10125,2
10126,2
10127,1
10128,0
10129,1
10130,1
10131,0
10132,1
10133,1
10134,1
10135,2
10136,0
10137,1
10138,1
10139,2
10140,1
10141,0
10142,0
10143,0
10144,1
10145,1
10146,1
10147,1
10148,1
10149,2
10150,1
10151,0
10152,0
10153,1
10154,1
10155,1
10156,1
10157,1
10158,1
10159,1
10160,2
10161,1
10162,2
10163,0
10164,1
10165,1
10166,2
10167,1
10168,0
10169,1
10170,0
10171,1
10172,1
10173,1
10174,2
10175,2
10176,1
10177,0
10178,2
10179,1
10180,1
10181,0
10182,1
10183,0
10184,2
10185,2
10186,0
10187,1
10188,1
10189,1
10190,1
10191,0
10192,1
10193,0
10194,1
10195,1
10196,0
10197,0
10198,1
10199,2
10200,1
10201,2
10202,1
10203,2
10204,0
10205,2
10206,1
10207,1
10208,0
10209,1
10210,1
10211,0
10212,1
10213,0
10214,1
10215,0
10216,1
10217,1
10218,2
10219,1
10220,0
10221,0
10222,2
10223,2
10224,0
10225,0
10226,0
10227,1
10228,1
10229,1
10230,2
10231,1
10232,1
10233,1
10234,1
10235,1
10236,1
10237,1
10238,2
10239,2
10240,0
10241,1
10242,1
10243,1
10244,1
10245,2
10246,1
10247,1
10248,0
10249,2
10250,1
10251,1
10252,2
10253,0
10254,1
10255,0
10256,1
10257,2
10258,0
10259,1
10260,2
10261,1
10262,1
10263,0
10264,2
10265,1
10266,0
10267,1
10268,0
10269,2
10270,2
10271,1
10272,1
10273,0
10274,1
10275,2
10276,2
10277,1
10278,1
10279,1
10280,1
10281,0
10282,2
10283,1
10284,0
10285,1
10286,0
10287,1
10288,1
10289,1
10290,2
10291,2
10292,1
10293,1
10294,1
10295,2
10296,1
10297,2
10298,2
10299,1
10300,1
10301,2
10302,1
10303,0
10304,1
10305,2
10306,0
10307,2
10308,1
10309,0
10310,0
10311,2
10312,1
10313,2
10314,0
10315,0
10316,1
10317,1
10318,2
10319,1
10320,2
10321,1
10322,0
10323,2
10324,0
10325,2
10326,1
10327,1
10328,2
10329,1
10330,1
10331,1
10332,1
10333,1
10334,1
10335,2
10336,1
10337,2
10338,1
10339,0
10340,2
10341,0
10342,1
10343,0
10344,0
10345,0
10346,2
10347,1
10348,1
10349,2
10350,0
10351,2
10352,2
10353,2
10354,1
10355,1
10356,1
10357,1
10358,1
10359,2
10360,2
10361,0
10362,1
10363,2
10364,1
10365,1
10366,1
10367,2
10368,0
10369,1
10370,1
10371,0
10372,2
10373,1
10374,2
10375,2
10376,0
10377,1
10378,2
10379,0
10380,2
10381,0
10382,0
10383,1
10384,1
10385,1
10386,0
10387,1
10388,2
10389,1
10390,2
10391,0
10392,0
10393,0
10394,1
10395,2
10396,1
10397,0
10398,2
10399,1
10400,0
10401,1
10402,1
10403,1
10404,2
10405,1
10406,1
10407,1
10408,1
10409,2
10410,1
10411,0
10412,2
10413,1
10414,0
10415,1
10416,0
10417,1
10418,1
10419,0
10420,1
10421,1
10422,2
10423,0
10424,0
10425,1
10426,2
10427,1
10428,1
10429,1
10430,1
10431,1
10432,1
10433,0
10434,1
10435,1
10436,0
10437,0
10438,0
10439,1
10440,1
10441,1
10442,1
10443,1
10444,1
10445,1
10446,0
10447,0
10448,1
10449,1
10450,0
10451,1
10452,2
10453,1
10454,2
10455,1
10456,1
10457,2
10458,1
10459,1
10460,2
10461,1
10462,0
10463,1
10464,1
10465,0
10466,1
10467,0
10468,2
10469,1
10470,2
10471,2
10472,0
10473,2
10474,1
10475,0
10476,0
10477,2
10478,1
10479,1
10480,2
10481,1
10482,0
10483,2
10484,1
10485,0
10486,1
10487,2
10488,2
10489,1
10490,1
10491,2
10492,1
10493,2
10494,1
10495,1
10496,1
10497,1
10498,0
10499,2
10500,1
10501,2
10502,2
10503,0
10504,0
10505,0
10506,1
10507,2
10508,2
10509,1
10510,0
10511,1
10512,2
10513,1
10514,2
10515,2
10516,1
10517,2
10518,0
10519,1
10520,0
10521,0
10522,1
10523,2
10524,1
10525,2
10526,1
10527,0
10528,2
10529,0
10530,1
10531,1
10532,2
10533,1
10534,0
10535,1
10536,1
10537,2
10538,0
10539,1
10540,1
10541,1
10542,1
10543,1
10544,1
10545,1
10546,0
10547,1
10548,2
10549,2
10550,0
10551,1
10552,0
10553,1
10554,1
10555,0
10556,2
10557,2
10558,2
10559,0
10560,0
10561,1
10562,0
10563,2
10564,1
10565,1
10566,2
10567,1
10568,2
10569,1
10570,2
10571,1
10572,1
10573,2
10574,2
10575,0
10576,1
10577,1
10578,1
10579,0
10580,1
10581,2
10582,2
10583,2
10584,0
10585,1
10586,1
10587,2
10588,1
10589,1
10590,0
10591,2
10592,1
10593,0
10594,1
10595,1
10596,2
10597,0
10598,2
10599,2
10600,0
10601,2
10602,0
10603,2
10604,2
10605,0
10606,1
10607,0
10608,0
10609,0
10610,2
10611,1
10612,0
10613,1
10614,1
10615,1
10616,2
10617,1
10618,0
10619,1
10620,1
10621,0
10622,0
10623,0
10624,0
10625,1
10626,1
10627,1
10628,1
10629,1
10630,1
10631,1
10632,1
10633,0
10634,1
10635,0
10636,1
10637,1
10638,1
10639,1
10640,0
10641,1
10642,1
10643,0
10644,1
10645,2
10646,1
10647,1
10648,1
10649,2
10650,2
10651,0
10652,1
10653,0
10654,1
10655,1
10656,1
10657,1
10658,2
10659,2
10660,1
10661,0
10662,2
10663,0
10664,0
10665,0
10666,1
10667,2
10668,0
10669,2
10670,2
10671,2
10672,1
10673,2
10674,1
10675,1
10676,0
10677,0
10678,1
10679,1
10680,1
10681,2
10682,1
10683,1
10684,1
10685,0
10686,0
10687,1
10688,1
10689,1
10690,0
10691,2
10692,2
10693,2
10694,0
10695,1
10696,1
10697,2
10698,2
10699,1
10700,1
10701,1
10702,2
10703,1
10704,1
10705,1
10706,1
10707,0
10708,1
10709,1
10710,2
10711,0
10712,1
10713,2
10714,1
10715,1
10716,1
10717,1
10718,1
10719,2
10720,1
10721,0
10722,0
10723,0
10724,1
10725,1
10726,0
10727,0
10728,1
10729,0
10730,1
10731,1
10732,1
10733,1
10734,1
10735,2
10736,2
10737,0
10738,1
10739,1
10740,1
10741,1
10742,2
10743,0
10744,1
10745,2
10746,1
10747,1
10748,2
10749,0
10750,2
10751,1
10752,0
10753,2
10754,2
10755,1
10756,0
10757,1
10758,1
10759,0
10760,0
10761,1
10762,1
10763,2
10764,0
10765,2
10766,2
10767,1
10768,0
10769,1
10770,1
10771,1
10772,2
10773,0
10774,1
10775,0
10776,2
10777,0
10778,0
10779,1
10780,1
10781,2
10782,0
10783,1
10784,0
10785,2
10786,0
10787,2
10788,1
10789,1
10790,2
10791,0
10792,2
10793,1
10794,2
10795,2
10796,1
10797,1
10798,0
10799,1
10800,0
10801,2
10802,1
10803,2
10804,0
10805,2
10806,1
10807,2
10808,1
10809,1
10810,0
10811,2
10812,0
10813,0
10814,0
10815,2
10816,1
10817,1
10818,1
10819,2
10820,2
10821,0
10822,0
10823,1
10824,1
10825,1
10826,2
10827,2
10828,2
10829,1
10830,1
10831,1
10832,1
10833,1
10834,2
10835,2
10836,0
10837,1
10838,0
10839,0
10840,0
10841,2
10842,0
10843,0
10844,0
10845,1
10846,0
10847,1
10848,2
10849,0
10850,2
10851,0
10852,0
10853,2
10854,1
10855,0
10856,1
10857,1
10858,0
10859,1
10860,2
10861,1
10862,1
10863,1
10864,2
10865,1
10866,0
10867,1
10868,0
10869,2
10870,1
10871,1
10872,1
10873,2
10874,1
10875,0
10876,2
10877,1
10878,1
10879,2
10880,1
10881,2
10882,2
10883,2
10884,0
10885,1
10886,0
10887,1
10888,1
10889,0
10890,1
10891,2
10892,0
10893,0
10894,0
10895,1
10896,2
10897,2
10898,0
10899,2
10900,0
10901,0
10902,0
10903,1
10904,2
10905,0
10906,0
10907,1
10908,0
10909,2
10910,1
10911,1
10912,0
10913,1
10914,1
10915,0
10916,0
10917,1
10918,1
10919,2
10920,0
10921,0
10922,1
10923,1
10924,0
10925,2
10926,1
10927,1
10928,1
10929,1
10930,1
10931,0
10932,1
10933,0
10934,0
10935,0
10936,1
10937,2
10938,1
10939,0
10940,1
10941,2
10942,2
10943,1
10944,1
10945,0
10946,0
10947,2
10948,0
10949,0
10950,0
10951,1
10952,0
10953,0
10954,1
10955,1
10956,1
10957,1
10958,1
10959,2
10960,1
10961,1
10962,1
10963,1
10964,2
10965,1
10966,2
10967,1
10968,1
10969,0
10970,0
10971,2
10972,0
10973,1
10974,1
10975,1
10976,1
10977,2
10978,1
10979,1
10980,1
10981,1
10982,2
10983,0
10984,1
10985,1
10986,0
10987,0
10988,1
10989,1
10990,0
10991,1
10992,2
10993,1
10994,1
10995,0
10996,1
10997,2
10998,0
10999,0
11000,1
11001,0
11002,1
11003,1
11004,0
11005,2
11006,1
11007,1
11008,2
11009,1
11010,0
11011,1
11012,0
11013,2
11014,0
11015,1
11016,1
11017,1
11018,1
11019,2
11020,0
11021,2
11022,1
11023,1
11024,1
11025,1
11026,1
11027,0
11028,1
11029,0
11030,1
11031,1
11032,2
11033,2
11034,1
11035,2
11036,1
11037,1
11038,1
11039,2
11040,1
11041,2
11042,0
11043,0
11044,0
11045,2
11046,0
11047,2
11048,0
11049,2
11050,1
11051,1
11052,2
11053,0
11054,0
11055,1
11056,1
11057,1
11058,1
11059,2
11060,2
11061,2
11062,1
11063,1
11064,0
11065,1
11066,2
11067,2
11068,1
11069,2
11070,1
11071,0
11072,1
11073,2
11074,0
11075,2
11076,1
11077,1
11078,2
11079,1
11080,1
11081,0
11082,0
11083,1
11084,2
11085,1
11086,0
11087,1
11088,1
11089,0
11090,1
11091,1
11092,2
11093,2
11094,2
11095,0
11096,1
11097,1
11098,0
11099,1
11100,1
11101,1
11102,0
11103,1
11104,0
11105,2
11106,2
11107,2
11108,0
11109,1
11110,0
11111,1
11112,0
11113,2
11114,1
11115,2
11116,1
11117,1
11118,1
11119,1
11120,1
11121,2
11122,1
11123,0
11124,0
11125,1
11126,1
11127,1
11128,1
11129,1
11130,1
11131,1
11132,2
11133,1
11134,2
11135,1
11136,1
11137,2
11138,1
11139,2
11140,1
11141,0
11142,0
11143,2
11144,0
11145,1
11146,1
11147,0
11148,1
11149,2
11150,1
11151,1
11152,1
11153,2
11154,1
11155,0
11156,2
11157,2
11158,0
11159,2
11160,1
11161,1
11162,1
11163,2
11164,1
11165,0
11166,1
11167,0
11168,0
11169,2
11170,0
11171,2
11172,2
11173,1
11174,0
11175,1
11176,1
11177,0
11178,1
11179,1
11180,1
11181,2
11182,1
11183,2
11184,1
11185,0
11186,1
11187,1
11188,1
11189,0
11190,1
11191,1
11192,1
11193,0
11194,1
11195,1
11196,2
11197,1
11198,0
11199,1
11200,0
11201,1
11202,0
11203,1
11204,1
11205,1
11206,0
11207,1
11208,2
11209,1
11210,1
11211,2
11212,1
11213,2
11214,0
11215,2
11216,1
11217,1
11218,1
11219,2
11220,0
11221,1
11222,1
11223,2
11224,1
11225,1
11226,2
11227,0
11228,1
11229,2
11230,1
11231,0
11232,1
11233,0
11234,2
11235,0
11236,2
11237,0
11238,0
11239,1
11240,0
11241,0
11242,2
11243,1
11244,1
11245,1
11246,2
11247,0
11248,2
11249,2
11250,1
11251,1
11252,0
11253,0
11254,1
11255,0
11256,2
11257,2
11258,2
11259,0
11260,1
11261,0
11262,0
11263,0
11264,1
11265,2
11266,2
11267,0
11268,2
11269,1
11270,0
11271,1
11272,1
11273,1
11274,2
11275,2
11276,2
11277,0
11278,2
11279,2
11280,2
11281,0
11282,1
11283,2
11284,2
11285,0
11286,0
11287,0
11288,1
11289,0
11290,0
11291,2
11292,1
11293,2
11294,2
11295,0
11296,0
11297,0
11298,1
11299,1
11300,2
11301,0
11302,1
11303,1
11304,2
11305,2
11306,1
11307,0
11308,1
11309,0
11310,1
11311,2
11312,1
11313,2
11314,1
11315,2
11316,2
11317,1
11318,0
11319,1
11320,1
11321,2
11322,2
11323,1
11324,1
11325,1
11326,0
11327,2
11328,0
11329,1
11330,1
11331,1
11332,1
11333,1
11334,1
11335,1
11336,0
11337,1
11338,2
11339,1
11340,0
11341,1
11342,1
11343,2
11344,0
11345,0
11346,1
11347,2
11348,1
11349,0
11350,0
11351,2
11352,1
11353,1
11354,1
11355,2
11356,0
11357,1
11358,2
11359,2
11360,0
11361,2
11362,0
11363,2
11364,2
11365,0
11366,1
11367,1
11368,1
11369,1
11370,0
11371,2
11372,1
11373,1
11374,0
11375,0
11376,2
11377,1
11378,0
11379,0
11380,0
11381,0
11382,1
11383,2
11384,0
11385,1
11386,0
11387,2
11388,1
11389,1
11390,2
11391,2
11392,1
11393,1
11394,1
11395,1
11396,2
11397,0
11398,2
11399,1
11400,2
11401,2
11402,0
11403,1
11404,0
11405,0
11406,1
11407,0
11408,2
11409,2
11410,1
11411,1
11412,1
11413,1
11414,2
11415,2
11416,0
11417,1
11418,1
11419,1
11420,1
11421,2
11422,1
11423,0
11424,1
11425,0
11426,2
11427,1
11428,0
11429,2
11430,1
11431,1
11432,0
11433,2
11434,2
11435,0
11436,1
11437,0
11438,2
11439,2
11440,2
11441,0
11442,0
11443,1
11444,0
11445,2
11446,0
11447,1
11448,1
11449,1
11450,1
11451,2
11452,1
11453,2
11454,1
11455,1
11456,0
11457,1
11458,2
11459,1
11460,0
11461,1
11462,1
11463,1
11464,1
11465,1
11466,1
11467,2
11468,1
11469,1
11470,1
11471,2
11472,0
11473,2
11474,0
11475,1
11476,2
11477,2
11478,2
11479,1
11480,2
11481,1
11482,1
11483,0
11484,0
11485,2
11486,1
11487,1
11488,0
11489,1
11490,1
11491,1
11492,0
11493,1
11494,1
11495,2
11496,0
11497,1
11498,2
11499,2
11500,1
11501,0
11502,0
11503,2
11504,0
11505,1
11506,2
11507,0
11508,1
11509,2
11510,1
11511,2
11512,0
11513,1
11514,1
11515,2
11516,1
11517,1
11518,1
11519,1
11520,1
11521,0
11522,1
11523,1
11524,2
11525,0
11526,2
11527,1
11528,1
11529,0
11530,2
11531,1
11532,1
11533,0
11534,0
11535,2
11536,2
11537,2
11538,1
11539,0
11540,1
11541,1
11542,1
11543,2
11544,1
11545,0
11546,0
11547,0
11548,1
11549,1
11550,2
11551,1
11552,1
11553,2
11554,1
11555,0
11556,0
11557,2
11558,0
11559,1
11560,1
11561,0
11562,0
11563,2
11564,1
11565,1
11566,0
11567,1
11568,1
11569,0
11570,0
11571,2
11572,1
11573,2
11574,2
11575,1
11576,1
11577,1
11578,1
11579,1
11580,1
11581,2
11582,1
11583,2
11584,0
11585,0
11586,1
11587,1
11588,1
11589,2
11590,1
11591,2
11592,1
11593,1
11594,0
11595,2
11596,1
11597,2
11598,1
11599,1
11600,1
11601,1
11602,2
11603,1
11604,2
11605,1
11606,1
11607,2
11608,0
11609,2
11610,0
11611,1
11612,1
11613,2
11614,1
11615,1
11616,0
11617,1
11618,1
11619,1
11620,2
11621,0
11622,1
11623,0
11624,1
11625,0
11626,0
11627,2
11628,1
11629,0
11630,1
11631,0
11632,2
11633,1
11634,0
11635,0
11636,0
11637,0
11638,2
11639,1
11640,2
11641,1
11642,1
11643,2
11644,1
11645,1
11646,2
11647,2
11648,0
11649,1
11650,1
11651,0
11652,0
11653,0
11654,2
11655,2
11656,0
11657,0
11658,1
11659,1
11660,2
11661,1
11662,2
11663,1
11664,1
11665,1
11666,0
11667,1
11668,1
11669,1
11670,1
11671,2
11672,1
11673,0
11674,1
11675,1
11676,1
11677,1
11678,2
11679,2
11680,0
11681,0
11682,2
11683,1
11684,1
11685,2
11686,2
11687,0
11688,0
11689,1
11690,0
11691,0
11692,0
11693,1
11694,1
11695,1
11696,0
11697,0
11698,1
11699,1
11700,0
11701,0
11702,1
11703,2
11704,1
11705,0
11706,1
11707,1
11708,0
11709,1
11710,0
11711,1
11712,0
11713,2
11714,1
11715,2
11716,1
11717,0
11718,2
11719,1
11720,1
11721,1
11722,2
11723,1
11724,0
11725,1
11726,0
11727,0
11728,1
11729,0
11730,1
11731,1
11732,1
11733,2
11734,0
11735,1
11736,1
11737,1
11738,0
11739,1
11740,1
11741,0
11742,1
11743,1
11744,2
11745,1
11746,2
11747,1
11748,2
11749,2
11750,2
11751,1
11752,2
11753,1
11754,1
11755,2
11756,2
11757,2
11758,1
11759,1
11760,1
11761,1
11762,1
11763,0
11764,2
11765,1
11766,1
11767,1
11768,0
11769,0
11770,1
11771,2
11772,2
11773,0
11774,1
11775,1
11776,1
11777,1
11778,1
11779,0
11780,1
11781,1
11782,1
11783,0
11784,2
11785,1
11786,2
11787,0
11788,1
11789,0
11790,2
11791,0
11792,2
11793,1
11794,0
11795,0
11796,0
11797,1
11798,0
11799,2
11800,1
11801,2
11802,1
11803,1
11804,1
11805,2
11806,0
11807,2
11808,0
11809,1
11810,1
11811,1
11812,2
11813,2
11814,1
11815,1
11816,1
11817,1
11818,2
11819,1
11820,1
11821,1
11822,0
11823,1
11824,0
11825,0
11826,0
11827,1
11828,1
11829,1
11830,1
11831,2
11832,1
11833,0
11834,0
11835,1
11836,0
11837,1
11838,1
11839,1
11840,0
11841,1
11842,2
11843,0
11844,2
11845,0
11846,1
11847,2
11848,0
11849,1
11850,1
11851,0
11852,1
11853,1
11854,1
11855,1
11856,0
11857,0
11858,1
11859,1
11860,2
11861,2
11862,1
11863,0
11864,1
11865,1
11866,1
11867,1
11868,2
11869,0
11870,2
11871,1
11872,1
11873,0
11874,0
11875,0
11876,1
11877,1
11878,1
11879,0
11880,0
11881,1
11882,2
11883,0
11884,1
11885,1
11886,0
11887,2
11888,2
11889,1
11890,1
11891,2
11892,2
11893,2
11894,2
11895,1
11896,1
11897,1
11898,0
11899,1
11900,0
11901,1
11902,1
11903,1
11904,0
11905,1
11906,1
11907,1
11908,1
11909,0
11910,0
11911,1
11912,1
11913,0
11914,1
11915,1
11916,0
11917,1
11918,0
11919,1
11920,1
11921,1
11922,1
11923,0
11924,1
11925,1
11926,2
11927,1
11928,2
11929,0
11930,1
11931,1
11932,0
11933,0
11934,1
11935,2
11936,2
11937,0
11938,0
11939,0
11940,2
11941,1
11942,0
11943,1
11944,2
11945,1
11946,2
11947,0
11948,0
11949,0
11950,1
11951,0
11952,0
11953,1
11954,2
11955,1
11956,2
11957,1
11958,1
11959,0
11960,1
11961,0
11962,1
11963,1
11964,0
11965,1
11966,1
11967,1
11968,0
11969,1
11970,1
11971,2
11972,1
11973,1
11974,1
11975,2
11976,1
11977,2
11978,1
11979,1
11980,0
11981,2
11982,1
11983,1
11984,2
11985,0
11986,1
11987,0
11988,2
11989,1
11990,2
11991,1
11992,2
11993,1
11994,2
11995,0
11996,1
11997,1
11998,2
11999,0
12000,2
12001,1
12002,0
12003,2
12004,0
12005,1
12006,1
12007,1
12008,2
12009,1
12010,1
12011,2
12012,1
12013,2
12014,1
12015,2
12016,2
12017,0
12018,1
12019,1
12020,2
12021,1
12022,1
12023,1
12024,1
12025,1
12026,1
12027,0
12028,1
12029,1
12030,1
12031,2
12032,2
12033,0
12034,1
12035,1
12036,1
12037,2
12038,1
12039,1
12040,2
12041,2
12042,2
12043,1
12044,1
12045,1
12046,0
12047,0
12048,0
12049,0
12050,2
12051,1
12052,2
12053,1
12054,1
12055,0
12056,0
12057,1
12058,2
12059,0
12060,1
12061,0
12062,1
12063,0
12064,1
12065,2
12066,1
12067,2
12068,1
12069,1
12070,2
12071,0
12072,1
12073,1
12074,0
12075,1
12076,0
12077,2
12078,1
12079,0
12080,1
12081,2
12082,1
12083,1
12084,2
12085,1
12086,0
12087,1
12088,1
12089,1
12090,2
12091,1
12092,1
12093,1
12094,1
12095,1
12096,1
12097,1
12098,1
12099,1
12100,1
12101,1
12102,0
12103,0
12104,1
12105,2
12106,1
12107,1
12108,2
12109,1
12110,0
12111,0
12112,1
12113,1
12114,1
12115,2
12116,0
12117,1
12118,1
12119,0
12120,2
12121,0
12122,1
12123,0
12124,2
12125,1
12126,1
12127,1
12128,2
12129,1
12130,1
12131,0
12132,0
12133,0
12134,1
12135,0
12136,1
12137,1
12138,2
12139,1
12140,0
12141,1
12142,2
12143,2
12144,1
12145,1
12146,1
12147,2
12148,1
12149,1
12150,1
12151,1
12152,0
12153,1
12154,1
12155,0
12156,2
12157,2
12158,1
12159,2
12160,0
12161,0
12162,1
12163,1
12164,2
12165,1
12166,0
12167,1
12168,1
12169,0
12170,1
12171,2
12172,1
12173,0
12174,1
12175,2
12176,1
12177,2
12178,1
12179,0
12180,2
12181,2
12182,1
12183,2
12184,0
12185,1
12186,0
12187,1
12188,1
12189,2
12190,2
12191,0
12192,0
12193,1
12194,0
12195,0
12196,2
12197,2
12198,2
12199,1
12200,2
12201,1
12202,1
12203,0
12204,1
12205,2
12206,2
12207,1
12208,0
12209,1
12210,0
12211,1
12212,2
12213,1
12214,1
12215,1
12216,0
12217,0
12218,0
12219,0
12220,1
12221,0
12222,1
12223,0
12224,2
12225,1
12226,0
12227,1
12228,1
12229,1
12230,0
12231,1
12232,1
12233,1
12234,1
12235,2
12236,2
12237,1
12238,0
12239,1
12240,2
12241,2
12242,0
12243,1
12244,2
12245,2
12246,1
12247,1
12248,0
12249,1
12250,1
12251,0
12252,0
12253,0
12254,1
12255,2
12256,0
12257,1
12258,0
12259,1
12260,0
12261,2
12262,2
12263,2
12264,2
12265,0
12266,2
12267,1
12268,1
12269,2
12270,0
12271,1
12272,1
12273,2
12274,1
12275,2
12276,1
12277,0
12278,2
12279,1
12280,2
12281,1
12282,1
12283,2
12284,0
12285,2
12286,0
12287,1
12288,0
12289,2
12290,0
12291,1
12292,2
12293,0
12294,1
12295,1
12296,1
12297,2
12298,2
12299,2
12300,0
12301,1
12302,1
12303,2
12304,2
12305,1
12306,1
12307,1
12308,2
12309,0
12310,1
12311,1
12312,2
12313,0
12314,0
12315,0
12316,1
12317,0
12318,1
12319,1
12320,1
12321,0
12322,1
12323,2
12324,1
12325,1
12326,1
12327,2
12328,2
12329,2
12330,1
12331,1
12332,0
12333,1
12334,1
12335,1
12336,1
12337,1
12338,1
12339,0
12340,1
12341,2
12342,1
12343,1
12344,0
12345,1
12346,2
12347,1
12348,2
12349,0
12350,2
12351,1
12352,1
12353,2
12354,1
12355,2
12356,0
12357,1
12358,1
12359,2
12360,1
12361,1
12362,2
12363,0
12364,1
12365,0
12366,1
12367,1
12368,1
12369,1
12370,2
12371,1
12372,2
12373,1
12374,1
12375,2
12376,1
12377,2
12378,2
12379,0
12380,1
12381,2
12382,0
12383,1
12384,1
12385,1
12386,1
12387,1
12388,0
12389,1
12390,1
12391,1
12392,2
12393,1
12394,1
12395,1
12396,1
12397,0
12398,1
12399,2
12400,1
12401,0
12402,1
12403,1
12404,1
12405,1
12406,1
12407,1
12408,1
12409,1
12410,1
12411,0
12412,0
12413,1
12414,0
12415,2
12416,2
12417,1
12418,1
12419,1
12420,1
12421,0
12422,2
12423,2
12424,2
12425,1
12426,0
12427,1
12428,2
12429,1
12430,2
12431,0
12432,0
12433,2
12434,1
12435,0
12436,0
12437,1
12438,2
12439,2
12440,2
12441,2
12442,2
12443,1
12444,2
12445,1
12446,1
12447,0
12448,1
12449,2
12450,0
12451,0
12452,0
12453,2
12454,1
12455,1
12456,0
12457,2
12458,1
12459,2
12460,2
12461,0
12462,2
12463,2
12464,2
12465,2
12466,1
12467,1
12468,2
12469,1
12470,2
12471,2
12472,1
12473,1
12474,2
12475,1
12476,2
12477,0
12478,0
12479,0
12480,2
12481,0
12482,0
12483,0
12484,0
12485,1
12486,1
12487,0
12488,0
12489,2
12490,2
12491,1
12492,1
12493,2
12494,0
12495,1
12496,2
12497,2
12498,0
12499,2
12500,2
12501,1
12502,0
12503,1
12504,2
12505,1
12506,1
12507,2
12508,1
12509,0
12510,1
12511,1
12512,1
12513,0
12514,1
12515,0
12516,1
12517,1
12518,1
12519,2
12520,1
12521,2
12522,1
12523,1
12524,1
12525,1
12526,1
12527,0
12528,2
12529,1
12530,1
12531,2
12532,2
12533,0
12534,1
12535,1
12536,1
12537,2
12538,1
12539,0
12540,1
12541,2
12542,0
12543,1
12544,1
12545,1
12546,1
12547,1
12548,0
12549,0
12550,0
12551,1
12552,0
12553,0
12554,1
12555,0
12556,1
12557,1
12558,0
12559,0
12560,1
12561,1
12562,1
12563,0
12564,1
12565,2
12566,1
12567,1
12568,1
12569,2
12570,0
12571,2
12572,0
12573,1
12574,1
12575,2
12576,1
12577,1
12578,2
12579,2
12580,2
12581,2
12582,1
12583,2
12584,0
12585,1
12586,1
12587,1
12588,1
12589,1
12590,2
12591,0
12592,1
12593,2
12594,1
12595,0
12596,2
12597,2
12598,1
12599,0
12600,1
12601,1
12602,1
12603,0
12604,0
12605,0
12606,1
12607,1
12608,1
12609,1
12610,0
12611,0
12612,1
12613,2
12614,1
12615,2
12616,1
12617,2
12618,2
12619,1
12620,2
12621,1
12622,1
12623,1
12624,1
12625,1
12626,1
12627,1
12628,1
12629,0
12630,0
12631,2
12632,2
12633,2
12634,1
12635,1
12636,1
12637,1
12638,2
12639,1
12640,1
12641,2
12642,0
12643,0
12644,0
12645,2
12646,2
12647,1
12648,0
12649,0
12650,2
12651,0
12652,1
12653,1
12654,0
12655,1
12656,1
12657,2
12658,1
12659,2
12660,1
12661,1
12662,2
12663,0
12664,1
12665,1
12666,2
12667,1
12668,1
12669,0
12670,1
12671,1
12672,2
12673,0
12674,1
12675,1
12676,1
12677,2
12678,2
12679,1
12680,1
12681,2
12682,0
12683,0
12684,1
12685,0
12686,1
12687,0
12688,1
12689,2
12690,2
12691,1
12692,0
12693,1
12694,1
12695,0
12696,1
12697,1
12698,1
12699,1
12700,1
12701,1
12702,1
12703,1
12704,0
12705,1
12706,2
12707,1
12708,0
12709,0
12710,0
12711,2
12712,2
12713,1
12714,0
12715,2
12716,1
12717,0
12718,0
12719,0
12720,0
12721,1
12722,1
12723,1
12724,0
12725,1
12726,1
12727,1
12728,1
12729,2
12730,1
12731,0
12732,1
12733,1
12734,2
12735,1
12736,2
12737,1
12738,1
12739,1
12740,2
12741,1
12742,0
12743,2
12744,2
12745,0
12746,1
12747,2
12748,1
12749,0
12750,2
12751,1
12752,1
12753,2
12754,1
12755,2
12756,1
12757,1
12758,0
12759,0
12760,2
12761,2
12762,0
12763,1
12764,2
12765,2
12766,2
12767,2
12768,1
12769,2
12770,1
12771,0
12772,1
12773,1
12774,1
12775,2
12776,1
12777,1
12778,1
12779,1
12780,1
12781,1
12782,2
12783,0
12784,1
12785,0
12786,1
12787,1
12788,2
12789,2
12790,1
12791,1
12792,0
12793,1
12794,1
12795,0
12796,1
12797,1
12798,2
12799,0
12800,1
12801,1
12802,2
12803,1
12804,0
12805,1
12806,1
12807,1
12808,1
12809,1
12810,1
12811,1
12812,0
12813,1
12814,0
12815,1
12816,0
12817,0
12818,1
12819,1
12820,1
12821,2
12822,2
12823,1
12824,2
12825,1
12826,2
12827,0
12828,1
12829,1
12830,1
12831,1
12832,0
12833,2
12834,1
12835,0
12836,0
12837,0
12838,2
12839,0
12840,1
12841,0
12842,1
12843,1
12844,1
12845,2
12846,0
12847,0
12848,2
12849,1
12850,1
12851,1
12852,2
12853,2
12854,1
12855,1
12856,1
12857,1
12858,0
12859,1
12860,1
12861,1
12862,1
12863,2
12864,2
12865,0
12866,2
12867,2
12868,1
12869,2
12870,1
12871,1
12872,1
12873,2
12874,1
12875,0
12876,1
12877,1
12878,2
12879,2
12880,0
12881,2
12882,2
12883,0
12884,1
12885,1
12886,2
12887,0
12888,0
12889,1
12890,2
12891,1
12892,1
12893,1
12894,2
12895,1
12896,1
12897,1
12898,1
12899,0
12900,1
12901,1
12902,0
12903,1
12904,1
12905,1
12906,2
12907,1
12908,1
12909,0
12910,2
12911,1
12912,1
12913,1
12914,1
12915,0
12916,2
12917,1
12918,1
12919,0
12920,2
12921,0
12922,1
12923,1
12924,2
12925,2
12926,1
12927,2
12928,1
12929,0
12930,0
12931,1
12932,2
12933,1
12934,2
12935,0
12936,1
12937,2
12938,2
12939,1
12940,1
12941,1
12942,0
12943,2
12944,1
12945,0
12946,1
12947,2
12948,1
12949,0
12950,2
12951,0
12952,0
12953,2
12954,0
12955,0
12956,1
12957,1
12958,1
12959,1
12960,0
12961,1
12962,0
12963,2
12964,1
12965,0
12966,2
12967,0
12968,1
12969,2
12970,1
12971,2
12972,1
12973,0
12974,0
12975,1
12976,1
12977,1
12978,1
12979,1
12980,2
12981,2
12982,1
12983,1
12984,1
12985,1
12986,0
12987,1
12988,1
12989,2
12990,2
12991,0
12992,1
12993,1
12994,1
12995,1
12996,2
12997,1
12998,0
12999,1
13000,1
13001,1
13002,0
13003,0
13004,0
13005,1
13006,2
13007,0
13008,0
13009,1
13010,1
13011,0
13012,2
13013,1
13014,1
13015,1
13016,0
13017,2
13018,1
13019,1
13020,1
13021,1
13022,1
13023,1
13024,1
13025,0
13026,0
13027,0
13028,1
13029,1
13030,2
13031,0
13032,0
13033,1
13034,1
13035,0
13036,2
13037,1
13038,2
13039,1
13040,0
13041,0
13042,2
13043,1
13044,0
13045,2
13046,0
13047,1
13048,1
13049,1
13050,1
13051,1
13052,2
13053,2
13054,2
13055,1
13056,2
13057,1
13058,1
13059,2
13060,1
13061,1
13062,1
13063,0
13064,1
13065,1
13066,0
13067,1
13068,1
13069,0
13070,1
13071,2
13072,1
13073,2
13074,2
13075,1
13076,1
13077,2
13078,2
13079,0
13080,1
13081,1
13082,2
13083,0
13084,1
13085,1
13086,1
13087,2
13088,0
13089,0
13090,1
13091,1
13092,1
13093,1
13094,0
13095,0
13096,0
13097,1
13098,1
13099,2
13100,1
13101,2
13102,1
13103,2
13104,1
13105,1
13106,1
13107,1
13108,1
13109,1
13110,1
13111,0
13112,1
13113,0
13114,1
13115,1
13116,1
13117,1
13118,2
13119,1
13120,2
13121,1
13122,1
13123,1
13124,0
13125,1
13126,0
13127,1
13128,0
13129,1
13130,1
13131,1
13132,2
13133,1
13134,1
13135,2
13136,0
13137,0
13138,1
13139,2
13140,1
13141,1
13142,0
13143,0
13144,1
13145,1
13146,0
13147,1
13148,0
13149,1
13150,0
13151,0
13152,1
13153,1
13154,1
13155,0
13156,0
13157,2
13158,1
13159,1
13160,1
13161,1
13162,1
13163,2
13164,0
13165,0
13166,0
13167,1
13168,1
13169,1
13170,0
13171,0
13172,0
13173,1
13174,0
13175,2
13176,1
13177,0
13178,2
13179,0
13180,2
13181,2
13182,2
13183,0
13184,2
13185,1
13186,0
13187,0
13188,0
13189,2
13190,2
13191,2
13192,1
13193,2
13194,1
13195,1
13196,0
13197,2
13198,1
13199,1
13200,1
13201,0
13202,0
13203,2
13204,0
13205,0
13206,0
13207,1
13208,2
13209,2
13210,1
13211,1
13212,2
13213,1
13214,1
13215,1
13216,0
13217,1
13218,2
13219,2
13220,0
13221,1
13222,1
13223,0
13224,1
13225,2
13226,1
13227,1
13228,1
13229,0
13230,1
13231,1
13232,1
13233,0
13234,2
13235,1
13236,1
13237,2
13238,1
13239,1
13240,2
13241,0
13242,2
13243,1
13244,1
13245,2
13246,1
13247,1
13248,0
13249,1
13250,1
13251,2
13252,1
13253,2
13254,1
13255,2
13256,1
13257,1
13258,2
13259,0
13260,1
13261,1
13262,1
13263,1
13264,1
13265,1
13266,2
13267,2
13268,0
13269,2
13270,1
13271,2
13272,1
13273,1
13274,0
13275,0
13276,0
13277,1
13278,1
13279,2
13280,1
13281,0
13282,1
13283,1
13284,2
13285,2
13286,0
13287,0
13288,1
13289,2
13290,2
13291,2
13292,2
13293,2
13294,1
13295,2
13296,1
13297,0
13298,1
13299,2
13300,2
13301,0
13302,2
13303,0
13304,1
13305,1
13306,1
13307,2
13308,2
13309,2
13310,2
13311,2
13312,1
13313,1
13314,0
13315,2
13316,2
13317,2
13318,1
13319,1
13320,0
13321,1
13322,1
13323,0
13324,1
13325,0
13326,1
13327,0
13328,2
13329,0
13330,2
13331,2
13332,0
13333,1
13334,2
13335,1
13336,0
13337,2
13338,0
13339,2
13340,2
13341,2
13342,1
13343,2
13344,2
13345,0
13346,0
13347,1
13348,0
13349,2
13350,0
13351,1
13352,0
13353,1
13354,2
13355,1
13356,1
13357,1
13358,1
13359,0
13360,1
13361,1
13362,1
13363,1
13364,1
13365,1
13366,1
13367,1
13368,1
13369,2
13370,1
13371,0
13372,2
13373,0
13374,2
13375,1
13376,1
13377,1
13378,0
13379,1
13380,1
13381,2
13382,1
13383,0
13384,1
13385,1
13386,2
13387,0
13388,1
13389,1
13390,1
13391,0
13392,2
13393,2
13394,2
13395,1
13396,0
13397,1
13398,0
13399,1
13400,0
13401,1
13402,0
13403,2
13404,0
13405,2
13406,1
13407,1
13408,1
13409,0
13410,2
13411,2
13412,1
13413,2
13414,1
13415,1
13416,1
13417,1
13418,1
13419,2
13420,2
13421,2
13422,1
13423,0
13424,0
13425,1
13426,0
13427,1
13428,1
13429,1
13430,1
13431,1
13432,1
13433,2
13434,1
13435,2
13436,1
13437,2
13438,2
13439,2
13440,1
13441,1
13442,0
13443,2
13444,0
13445,0
13446,1
13447,1
13448,1
13449,0
13450,2
13451,0
13452,1
13453,1
13454,1
13455,1
13456,1
13457,2
13458,1
13459,1
13460,2
13461,1
13462,2
13463,2
13464,0
13465,1
13466,1
13467,1
13468,2
13469,1
13470,2
13471,2
13472,2
13473,1
13474,0
13475,1
13476,2
13477,0
13478,0
13479,2
13480,2
13481,0
13482,1
13483,1
13484,1
13485,0
13486,0
13487,1
13488,2
13489,2
13490,2
13491,0
13492,2
13493,2
13494,2
13495,2
13496,1
13497,0
13498,0
13499,1
13500,2
13501,1
13502,0
13503,1
13504,1
13505,2
13506,1
13507,1
13508,2
13509,0
13510,1
13511,1
13512,1
13513,1
13514,1
13515,0
13516,1
13517,0
13518,1
13519,2
13520,1
13521,0
13522,2
13523,0
13524,1
13525,1
13526,1
13527,1
13528,1
13529,1
13530,1
13531,1
13532,1
13533,1
13534,2
13535,1
13536,0
13537,2
13538,0
13539,2
13540,1
13541,2
13542,0
13543,2
13544,2
13545,0
13546,2
13547,2
13548,1
13549,2
13550,2
13551,1
13552,2
13553,2
13554,1
13555,2
13556,2
13557,1
13558,0
13559,1
13560,1
13561,0
13562,1
13563,1
13564,0
13565,1
13566,1
13567,2
13568,1
13569,2
13570,1
13571,2
13572,1
13573,1
13574,2
13575,2
13576,1
13577,2
13578,1
13579,0
13580,0
13581,2
13582,0
13583,2
13584,1
13585,0
13586,0
13587,1
13588,1
13589,1
13590,1
13591,0
13592,1
13593,0
13594,1
13595,1
13596,1
13597,0
13598,1
13599,2
13600,2
13601,1
13602,2
13603,1
13604,1
13605,2
13606,1
13607,0
13608,1
13609,1
13610,2
13611,1
13612,1
13613,1
13614,1
13615,0
13616,0
13617,0
13618,2
13619,1
13620,0
13621,1
13622,1
13623,1
13624,1
13625,1
13626,1
13627,0
13628,2
13629,2
13630,1
13631,2
13632,0
13633,0
13634,1
13635,0
13636,1
13637,1
13638,1
13639,2
13640,1
13641,2
13642,2
13643,1
13644,0
13645,0
13646,2
13647,1
13648,0
13649,0
13650,1
13651,0
13652,1
13653,1
13654,1
13655,2
13656,1
13657,1
13658,0
13659,0
13660,1
13661,1
13662,0
13663,1
13664,1
13665,0
13666,1
13667,1
13668,2
13669,2
13670,1
13671,0
13672,1
13673,0
13674,1
13675,2
13676,2
13677,0
13678,2
13679,1
13680,2
13681,1
13682,2
13683,2
13684,2
13685,2
13686,0
13687,1
13688,1
13689,0
13690,0
13691,1
13692,2
13693,1
13694,0
13695,1
13696,1
13697,2
13698,0
13699,1
13700,1
13701,1
13702,1
13703,0
13704,2
13705,1
13706,0
13707,1
13708,2
13709,1
13710,0
13711,1
13712,1
13713,1
13714,2
13715,1
13716,0
13717,1
13718,1
13719,1
13720,0
13721,2
13722,1
13723,1
13724,1
13725,1
13726,0
13727,2
13728,2
13729,0
13730,0
13731,1
13732,1
13733,1
13734,1
13735,1
13736,1
13737,1
13738,0
13739,1
13740,2
13741,1
13742,2
13743,1
13744,2
13745,2
13746,0
13747,1
13748,0
13749,1
13750,1
13751,2
13752,1
13753,0
13754,2
13755,1
13756,1
13757,1
13758,0
13759,2
13760,2
13761,1
13762,1
13763,1
13764,2
13765,0
13766,1
13767,1
13768,0
13769,2
13770,1
13771,0
13772,0
13773,0
13774,1
13775,1
13776,0
13777,1
13778,2
13779,0
13780,2
13781,1
13782,2
13783,0
13784,1
13785,1
13786,0
13787,1
13788,2
13789,1
13790,1
13791,1
13792,1
13793,2
13794,2
13795,2
13796,0
13797,1
13798,1
13799,1
13800,2
13801,0
13802,0
13803,0
13804,1
13805,0
13806,0
13807,1
13808,1
13809,0
13810,2
13811,2
13812,1
13813,0
13814,1
13815,2
13816,0
13817,2
13818,0
13819,1
13820,2
13821,1
13822,1
13823,1
13824,0
13825,0
13826,1
13827,2
13828,1
13829,1
13830,1
13831,1
13832,0
13833,0
13834,0
13835,0
13836,2
13837,1
13838,2
13839,2
13840,1
13841,1
13842,0
13843,0
13844,2
13845,1
13846,2
13847,1
13848,1
13849,0
13850,2
13851,1
13852,0
13853,1
13854,1
13855,2
13856,2
13857,0
13858,1
13859,0
13860,1
13861,0
13862,2
13863,0
13864,0
13865,1
13866,0
13867,1
13868,0
13869,1
13870,0
13871,1
13872,1
13873,1
13874,1
13875,1
13876,1
13877,0
13878,0
13879,0
13880,1
13881,1
13882,1
13883,2
13884,0
13885,2
13886,2
13887,2
13888,2
13889,1
13890,1
13891,2
13892,1
13893,2
13894,1
13895,2
13896,1
13897,2
13898,1
13899,2
13900,1
13901,0
13902,2
13903,1
13904,1
13905,1
13906,2
13907,2
13908,1
13909,1
13910,1
13911,1
13912,1
13913,0
13914,0
13915,0
13916,1
13917,0
13918,0
13919,1
13920,0
13921,0
13922,2
13923,0
13924,0
13925,2
13926,2
13927,1
13928,2
13929,0
13930,1
13931,1
13932,1
13933,0
13934,2
13935,1
13936,1
13937,1
13938,2
13939,1
13940,2
13941,2
13942,1
13943,2
13944,0
13945,0
13946,0
13947,0
13948,0
13949,0
13950,1
13951,1
13952,0
13953,1
13954,1
13955,1
13956,1
13957,1
13958,1
13959,1
13960,1
13961,2
13962,0
13963,2
13964,2
13965,0
13966,0
13967,1
13968,2
13969,1
13970,1
13971,1
13972,0
13973,1
13974,2
13975,1
13976,1
13977,1
13978,2
13979,1
13980,1
13981,1
13982,1
13983,1
13984,1
13985,1
13986,1
13987,1
13988,2
13989,1
13990,1
13991,2
13992,1
13993,1
13994,1
13995,0
13996,1
13997,2
13998,1
13999,0
